{
  "colors": {
    "primary": {
      "pink": {
        "50": "#fdf2f8",
        "100": "#fce7f3",
        "200": "#fbcfe8",
        "300": "#f9a8d4",
        "400": "#f472b6",
        "500": "#ec4899",
        "600": "#db2777",
        "700": "#be185d",
        "800": "#9d174d",
        "900": "#831843"
      },
      "red": {
        "50": "#fef2f2",
        "100": "#fee2e2",
        "200": "#fecaca",
        "300": "#fca5a5",
        "400": "#f87171",
        "500": "#ef4444",
        "600": "#dc2626",
        "700": "#b91c1c",
        "800": "#991b1b",
        "900": "#7f1d1d"
      },
      "orange": {
        "50": "#fff7ed",
        "100": "#ffedd5",
        "200": "#fed7aa",
        "300": "#fdba74",
        "400": "#fb923c",
        "500": "#f97316",
        "600": "#ea580c",
        "700": "#c2410c",
        "800": "#9a3412",
        "900": "#7c2d12"
      }
    },
    "mozambique": {
      "green": "#00A859",
      "black": "#000000",
      "yellow": "#FFD100",
      "white": "#FFFFFF",
      "red": "#DC143C"
    },
    "gradients": {
      "primary": "linear-gradient(135deg, #ec4899 0%, #ef4444 100%)",
      "secondary": "linear-gradient(135deg, #f97316 0%, #ef4444 100%)",
      "accent": "linear-gradient(135deg, #8b5cf6 0%, #ec4899 100%)",
      "hero": "linear-gradient(135deg, #fbbf24 0%, #f97316 50%, #ef4444 100%)"
    }
  },
  "typography": {
    "fontFamily": {
      "primary": "Inter, system-ui, sans-serif",
      "heading": "Inter, system-ui, sans-serif"
    },
    "fontSize": {
      "xs": "0.75rem",
      "sm": "0.875rem",
      "base": "1rem",
      "lg": "1.125rem",
      "xl": "1.25rem",
      "2xl": "1.5rem",
      "3xl": "1.875rem",
      "4xl": "2.25rem",
      "5xl": "3rem",
      "6xl": "3.75rem"
    },
    "fontWeight": {
      "normal": "400",
      "medium": "500",
      "semibold": "600",
      "bold": "700",
      "extrabold": "800"
    }
  },
  "spacing": {
    "xs": "0.25rem",
    "sm": "0.5rem",
    "md": "1rem",
    "lg": "1.5rem",
    "xl": "2rem",
    "2xl": "3rem",
    "3xl": "4rem",
    "4xl": "6rem",
    "5xl": "8rem"
  },
  "borderRadius": {
    "sm": "0.25rem",
    "md": "0.375rem",
    "lg": "0.5rem",
    "xl": "0.75rem",
    "2xl": "1rem",
    "full": "9999px"
  },
  "shadows": {
    "sm": "0 1px 2px 0 rgb(0 0 0 / 0.05)",
    "md": "0 4px 6px -1px rgb(0 0 0 / 0.1)",
    "lg": "0 10px 15px -3px rgb(0 0 0 / 0.1)",
    "xl": "0 20px 25px -5px rgb(0 0 0 / 0.1)",
    "2xl": "0 25px 50px -12px rgb(0 0 0 / 0.25)"
  },
  "animations": {
    "duration": {
      "fast": "150ms",
      "normal": "300ms",
      "slow": "500ms"
    },
    "easing": {
      "ease": "ease",
      "easeIn": "ease-in",
      "easeOut": "ease-out",
      "easeInOut": "ease-in-out"
    }
  }
}
